{
  "projects": [
    {
      "name": "Projeto 1",
      "budget": "5000",
      "category": {
        "id": "2",
        "name": "Desenvolvimento"
      },
      "cost": 3000,
      "services": [
        {
          "name": "serviço 1",
          "cost": "3000",
          "description": "faz isso",
          "id": "2f3a0e9e-c737-4ae9-bcee-5d475b971ed8"
        }
      ],
      "id": 1
    },
    {
      "name": "Projeto teste",
      "budget": "5000",
      "category": {
        "id": "2",
        "name": "Desenvolvimento"
      },
      "cost": 0,
      "services": [],
      "id": 2
    }
  ],
  "categories": [
    {
      "id": 1,
      "name": "Infra"
    },
    {
      "id": 2,
      "name": "Desenvolvimento"
    },
    {
      "id": 3,
      "name": "Design"
    },
    {
      "id": 4,
      "name": "Planejamento"
    }
  ]
}